route,routeDisplayName,routeTheme,lockStage,endingStage,stage,title,typeName,subject,difficultyBonus,rewardMultiplier,requirementTags,enemyMecha,routeLocking,visible,hiddenCost,rewardGold,rewardEnhancementPoints,rewardReputation,rewardStealth,rewardMatrixDamage,rewardAlienSupport,endingTitle,endingSubtitle,endingText,routeEffectDescription
SSS,SSS,秩序回收线,3,5,1,合法承包商登记,护送,审计官车队,1,1.25,后勤 / 战斗,,,护送 SSS 审计官进入红区，恢复失控补给站的合法账目。,补给站会重新供电，三名拒绝签字的旧雇员不会出现在交接名单里。,90,1,,2,,,秩序回收,红色再统一,FOF 的广播沉默，地方武装递交效忠书，矩阵节点重新亮起。城市恢复供电，工厂恢复排班，医院恢复接收伤员。你的佣兵组织获得了合法承包商编号。从此以后，你不再非法入境。你只是根据保密协议，在不该出现的地方，执行不该存在的任务。,SSS 路线提供稳定、授权、军规补给和更低的治安压力，但会让玩家越来越绑定旧战争机器。
SSS,SSS,秩序回收线,3,5,2,红区清洁委托,歼灭,蓝军补给网,2,1.35,战斗 / 情报,,,切断 FOF 在红区边缘的补给线，让 SSS 重新掌握交通节点。,被清掉的不全是武装人员，也有负责给社区医院送药的司机。,130,1,4,,,,秩序回收,红色再统一,FOF 的广播沉默，地方武装递交效忠书，矩阵节点重新亮起。城市恢复供电，工厂恢复排班，医院恢复接收伤员。你的佣兵组织获得了合法承包商编号。从此以后，你不再非法入境。你只是根据保密协议，在不该出现的地方，执行不该存在的任务。,SSS 路线提供稳定、授权、军规补给和更低的治安压力，但会让玩家越来越绑定旧战争机器。
SSS,SSS,秩序回收线,3,5,3,护矩阵,防御,能源中枢,3,1.5,战斗 / 生存,TRUE,TRUE,防守矩阵能源节点，阻止锈蚀爆破队让城区彻底断电。,能源恢复后，SSS 的监控系统也会重新上线。,180,2,,4,,,秩序回收,红色再统一,FOF 的广播沉默，地方武装递交效忠书，矩阵节点重新亮起。城市恢复供电，工厂恢复排班，医院恢复接收伤员。你的佣兵组织获得了合法承包商编号。从此以后，你不再非法入境。你只是根据保密协议，在不该出现的地方，执行不该存在的任务。,SSS 路线提供稳定、授权、军规补给和更低的治安压力，但会让玩家越来越绑定旧战争机器。
SSS,SSS,秩序回收线,3,5,4,重建威慑,占领,地方广播塔,4,1.7,战斗 / 后勤,TRUE,,夺回广播塔，向周边城市证明 SSS 仍能抵达任何地方。,广播恢复后，第一批播放的不是停战公告，而是通缉名单。,240,2,8,,,,秩序回收,红色再统一,FOF 的广播沉默，地方武装递交效忠书，矩阵节点重新亮起。城市恢复供电，工厂恢复排班，医院恢复接收伤员。你的佣兵组织获得了合法承包商编号。从此以后，你不再非法入境。你只是根据保密协议，在不该出现的地方，执行不该存在的任务。,SSS 路线提供稳定、授权、军规补给和更低的治安压力，但会让玩家越来越绑定旧战争机器。
SSS,SSS,秩序回收线,3,5,5,再统一,特殊,中央矩阵主节点,5,2.1,战斗 / 情报 / 机师,TRUE,,协助 SSS 夺回中央矩阵主节点，完成决定性军事行动。,战争会被宣布结束，许多人的战争则会进入保密附件。,360,3,,6,,,秩序回收,红色再统一,FOF 的广播沉默，地方武装递交效忠书，矩阵节点重新亮起。城市恢复供电，工厂恢复排班，医院恢复接收伤员。你的佣兵组织获得了合法承包商编号。从此以后，你不再非法入境。你只是根据保密协议，在不该出现的地方，执行不该存在的任务。,SSS 路线提供稳定、授权、军规补给和更低的治安压力，但会让玩家越来越绑定旧战争机器。
FOF,FOF,改革战争线,3,5,1,审计残页,营救,失联证人,1,1.25,生存 / 情报,,,转移掌握审计残页的证人，让 FOF 有机会证明旧秩序已经腐烂。,撤离路线需要一支不知情的地方民兵做诱饵。,80,1,,2,,,蓝色继业,被改写的胜利,SSS 的中央广播第一次没有播放纸鹤的命令。后翼的审计档案被公开，元老院的签名、资金流和死亡名单铺满所有频道。FOF 宣布成立临时改革政府，承诺战争会结束，矩阵会归还人民，军队会接受审计。三小时后，第一份保密外包合同送到你的终端。标题是：临时政府安全稳定行动。附件很长，报酬很高，目标名单没有照片。,FOF 路线提供动员、人脉、情报和低成本扩张，但资源不稳定，理想会逐步变成军政府表格。
FOF,FOF,改革战争线,3,5,2,蓝色安全屋,护送,改革派联系人,2,1.35,后勤 / 生存,,,护送改革派联系人穿过红区封锁，建立地方联络网。,联络网会保护证人，也会筛掉不方便保护的人。,120,1,4,,,,蓝色继业,被改写的胜利,SSS 的中央广播第一次没有播放纸鹤的命令。后翼的审计档案被公开，元老院的签名、资金流和死亡名单铺满所有频道。FOF 宣布成立临时改革政府，承诺战争会结束，矩阵会归还人民，军队会接受审计。三小时后，第一份保密外包合同送到你的终端。标题是：临时政府安全稳定行动。附件很长，报酬很高，目标名单没有照片。,FOF 路线提供动员、人脉、情报和低成本扩张，但资源不稳定，理想会逐步变成军政府表格。
FOF,FOF,改革战争线,3,5,3,夺频,突袭,矩阵通信频道,3,1.5,情报 / 战斗,,TRUE,夺取矩阵通信频道，让 FOF 的证据越过 SSS 的审查网。,同一频道也会用来发布临时军政府的第一批命令。,170,2,,3,,,蓝色继业,被改写的胜利,SSS 的中央广播第一次没有播放纸鹤的命令。后翼的审计档案被公开，元老院的签名、资金流和死亡名单铺满所有频道。FOF 宣布成立临时改革政府，承诺战争会结束，矩阵会归还人民，军队会接受审计。三小时后，第一份保密外包合同送到你的终端。标题是：临时政府安全稳定行动。附件很长，报酬很高，目标名单没有照片。,FOF 路线提供动员、人脉、情报和低成本扩张，但资源不稳定，理想会逐步变成军政府表格。
FOF,FOF,改革战争线,3,5,4,蓝旗推进,占领,战略列车站,4,1.7,战斗 / 后勤,TRUE,,夺取战略列车站，为 FOF 正规反攻打开补给窗口。,列车会带来药品、弹药和一份没有照片的清洗名单。,230,2,8,,,,蓝色继业,被改写的胜利,SSS 的中央广播第一次没有播放纸鹤的命令。后翼的审计档案被公开，元老院的签名、资金流和死亡名单铺满所有频道。FOF 宣布成立临时改革政府，承诺战争会结束，矩阵会归还人民，军队会接受审计。三小时后，第一份保密外包合同送到你的终端。标题是：临时政府安全稳定行动。附件很长，报酬很高，目标名单没有照片。,FOF 路线提供动员、人脉、情报和低成本扩张，但资源不稳定，理想会逐步变成军政府表格。
FOF,FOF,改革战争线,3,5,5,继业者宣言,特殊,主节点广播厅,5,2.1,情报 / 战斗 / 机师,TRUE,,协助 FOF 夺取关键广播厅，公开后翼遗产与审计证据。,宣言会承诺归还权力，签发宣言的人会先保留权力。,340,3,,5,,,蓝色继业,被改写的胜利,SSS 的中央广播第一次没有播放纸鹤的命令。后翼的审计档案被公开，元老院的签名、资金流和死亡名单铺满所有频道。FOF 宣布成立临时改革政府，承诺战争会结束，矩阵会归还人民，军队会接受审计。三小时后，第一份保密外包合同送到你的终端。标题是：临时政府安全稳定行动。附件很长，报酬很高，目标名单没有照片。,FOF 路线提供动员、人脉、情报和低成本扩张，但资源不稳定，理想会逐步变成军政府表格。
rust,锈蚀部队,矩阵熄灭线,3,5,1,冷却的火种,破坏,无标识中继塔,1,1.3,情报 / 生存,,,匿名委托要求瘫痪一座中继塔，目标被标注为军用冗余设施。,它确实服务军队，也负责附近三所医院的备用通信。,100,1,,,2,,矩阵熄灭,铁锈黎明,矩阵停止供能，机动兵器沉入黑暗，战争工厂冷却，SSS 和 FOF 同时失去远程调度能力。城市没有被解放，只是安静下来。人们第一次不用仰头看同步塔，也第一次发现医院、净水厂和粮食仓库同样接在那张网里。,锈蚀路线削弱异源技术和机动兵器，但会提高矩阵破坏度，让世界基础设施逐步衰退。
rust,锈蚀部队,矩阵熄灭线,3,5,2,断网,突袭,矩阵转发站,2,1.45,战斗 / 情报,,,袭击矩阵转发站，切断 SSS 与 FOF 共用的战场调度链。,前线会混乱，撤离通道也会混乱。,150,1,,,4,,矩阵熄灭,铁锈黎明,矩阵停止供能，机动兵器沉入黑暗，战争工厂冷却，SSS 和 FOF 同时失去远程调度能力。城市没有被解放，只是安静下来。人们第一次不用仰头看同步塔，也第一次发现医院、净水厂和粮食仓库同样接在那张网里。,锈蚀路线削弱异源技术和机动兵器，但会提高矩阵破坏度，让世界基础设施逐步衰退。
rust,锈蚀部队,矩阵熄灭线,3,5,3,熄炉,破坏,战争工厂热炉,3,1.65,战斗 / 后勤,TRUE,TRUE,摧毁战争工厂热炉，让机动兵器产线停摆。,同一产线也在生产净水泵、义肢和廉价发电组件。,210,2,,,6,,矩阵熄灭,铁锈黎明,矩阵停止供能，机动兵器沉入黑暗，战争工厂冷却，SSS 和 FOF 同时失去远程调度能力。城市没有被解放，只是安静下来。人们第一次不用仰头看同步塔，也第一次发现医院、净水厂和粮食仓库同样接在那张网里。,锈蚀路线削弱异源技术和机动兵器，但会提高矩阵破坏度，让世界基础设施逐步衰退。
rust,锈蚀部队,矩阵熄灭线,3,5,4,断链爆索,回收,反同步核心,4,1.85,生存 / 机师,TRUE,,回收反同步核心，准备对主矩阵实施永久性损伤。,核心能让机甲停下，也会让维生舱停下。,280,2,,,8,,矩阵熄灭,铁锈黎明,矩阵停止供能，机动兵器沉入黑暗，战争工厂冷却，SSS 和 FOF 同时失去远程调度能力。城市没有被解放，只是安静下来。人们第一次不用仰头看同步塔，也第一次发现医院、净水厂和粮食仓库同样接在那张网里。,锈蚀路线削弱异源技术和机动兵器，但会提高矩阵破坏度，让世界基础设施逐步衰退。
rust,锈蚀部队,矩阵熄灭线,3,5,5,停电日,特殊,主矩阵断路点,5,2.25,战斗 / 生存 / 机师,TRUE,,协助锈蚀部队破坏主矩阵，让异源战争体系熄灭。,灯会一起灭，连那些没有参与战争的人也会被算进代价。,420,3,,,12,,矩阵熄灭,铁锈黎明,矩阵停止供能，机动兵器沉入黑暗，战争工厂冷却，SSS 和 FOF 同时失去远程调度能力。城市没有被解放，只是安静下来。人们第一次不用仰头看同步塔，也第一次发现医院、净水厂和粮食仓库同样接在那张网里。,锈蚀路线削弱异源技术和机动兵器，但会提高矩阵破坏度，让世界基础设施逐步衰退。
heaven,天人残余,异源代理线,1,5,1,白光背誓,特殊,无声信标,2,1.6,情报 / 生存,,TRUE,接触天人残余的无声信标，获得人类技术无法解释的支援。,从这一刻起，人类社会会把你的组织视为异源代理。,180,2,,-8,,1,白光协议,异源代理,人类势力的频道逐一静默，只剩 GMS 仍能接入你的组织。天人的支援让濒死城区重新亮起，让无法治愈的伤口闭合，让战争机器像被温柔地拆开。没人知道那座城区是否仍属于人类，也没人知道你的佣兵是否仍在为人类工作。结算页面显示：任务完成。物种分类栏显示：待确认。,天人路线一旦公开接取就永久锁定。它提供异常强大的支援，但会切断几乎所有人类势力契约。
heaven,天人残余,异源代理线,1,5,2,非人治疗,营救,濒死城区,3,1.8,生存 / 后勤,,,使用天人技术救援濒死城区，绕过人类医疗和能源系统。,城区会活下来，但没人能解释它正在变成什么。,220,2,,-5,,1,白光协议,异源代理,人类势力的频道逐一静默，只剩 GMS 仍能接入你的组织。天人的支援让濒死城区重新亮起，让无法治愈的伤口闭合，让战争机器像被温柔地拆开。没人知道那座城区是否仍属于人类，也没人知道你的佣兵是否仍在为人类工作。结算页面显示：任务完成。物种分类栏显示：待确认。,天人路线一旦公开接取就永久锁定。它提供异常强大的支援，但会切断几乎所有人类势力契约。
heaven,天人残余,异源代理线,1,5,3,异源改写,回收,旧神经接口,4,2,情报 / 机师,TRUE,,回收旧神经接口，让天人残余改写人类机动兵器的同步逻辑。,驾驶员会变强，也会开始梦见不属于自己的战争。,300,3,,-6,,2,白光协议,异源代理,人类势力的频道逐一静默，只剩 GMS 仍能接入你的组织。天人的支援让濒死城区重新亮起，让无法治愈的伤口闭合，让战争机器像被温柔地拆开。没人知道那座城区是否仍属于人类，也没人知道你的佣兵是否仍在为人类工作。结算页面显示：任务完成。物种分类栏显示：待确认。,天人路线一旦公开接取就永久锁定。它提供异常强大的支援，但会切断几乎所有人类势力契约。
heaven,天人残余,异源代理线,1,5,4,白区扩散,防御,梦白隔离带,5,2.2,战斗 / 生存 / 机师,TRUE,,防守被天人技术改写的白区，让其继续扩散。,白区没有屠杀任何人，只是让幸存者不再使用过去式。,380,3,,-8,,2,白光协议,异源代理,人类势力的频道逐一静默，只剩 GMS 仍能接入你的组织。天人的支援让濒死城区重新亮起，让无法治愈的伤口闭合，让战争机器像被温柔地拆开。没人知道那座城区是否仍属于人类，也没人知道你的佣兵是否仍在为人类工作。结算页面显示：任务完成。物种分类栏显示：待确认。,天人路线一旦公开接取就永久锁定。它提供异常强大的支援，但会切断几乎所有人类势力契约。
heaven,天人残余,异源代理线,1,5,5,白光协议,特殊,天人残余主节点,6,2.6,情报 / 战斗 / 机师,TRUE,,协助天人残余接入主节点，结束人类对异源技术的低效仿制。,战争可能停止，人类对自身未来的独占权也会停止。,520,4,,-10,,3,白光协议,异源代理,人类势力的频道逐一静默，只剩 GMS 仍能接入你的组织。天人的支援让濒死城区重新亮起，让无法治愈的伤口闭合，让战争机器像被温柔地拆开。没人知道那座城区是否仍属于人类，也没人知道你的佣兵是否仍在为人类工作。结算页面显示：任务完成。物种分类栏显示：待确认。,天人路线一旦公开接取就永久锁定。它提供异常强大的支援，但会切断几乎所有人类势力契约。
